graph_degree,intermediate_graph_degree,build_algo,compression_enabled,compression_pq_bits,compression_pq_dim,enable_exact_rerank,rerank_candidate_k,search_k,exact_rerank,rerank_backend,rerank_storage_dtype,itopk_size,max_queries,max_iterations,algo,team_size,search_width,min_iterations,thread_block_size,hashmap_mode,hashmap_min_bitlen,hashmap_max_fill_rate,num_random_samplings,rand_xor_mask,n_rows_per_batch,build_time,search_time,queries_per_second,latency_per_query,online_median_latency_ms,online_p95_latency_ms,recall_at_10,total_correct,total_possible
16,32,ivf_pq,True,8,384,True,16,16,True,multi_gpu,float16,16,64,0,auto,0,1,0,0,auto,0,0.5,1,1213332,64,20.71042996899996,0.008840100999805145,113120.87950375705,0.008840100999805145,0.41299099939351436,0.47802100016269833,0.8029,8029,10000
16,32,ivf_pq,True,8,384,True,16,16,True,multi_gpu,float16,16,64,0,auto,0,2,0,0,auto,0,0.5,1,1213332,64,20.71042996899996,0.00949300800130004,105340.68862715093,0.00949300800130004,0.41183599932992365,0.4255210005794652,0.8912,8912,10000
16,32,ivf_pq,True,8,384,True,16,16,True,multi_gpu,float16,16,128,0,auto,0,1,0,0,auto,0,0.5,1,1213332,128,20.71042996899996,0.007096142999216681,140921.62462204983,0.007096142999216681,0.4231905004417058,0.8103210020635743,0.8102,8102,10000
16,32,ivf_pq,True,8,384,True,16,16,True,multi_gpu,float16,16,128,0,auto,0,2,0,0,auto,0,0.5,1,1213332,128,20.71042996899996,0.007718494000073406,129558.9528203934,0.007718494000073406,0.540185999852838,0.6174610025482252,0.8948,8948,10000
16,32,ivf_pq,True,8,384,True,24,24,True,multi_gpu,float16,24,64,0,auto,0,1,0,0,auto,0,0.5,1,1213332,64,20.29273861799811,0.009731693000503583,102757.04339915504,0.009731693000503583,0.4437810002855258,0.5011909997847397,0.8188,8188,10000
16,32,ivf_pq,True,8,384,True,24,24,True,multi_gpu,float16,24,64,0,auto,0,2,0,0,auto,0,0.5,1,1213332,64,20.29273861799811,0.010054398999272962,99458.95324746019,0.010054398999272962,0.46903600014047697,0.5529110021598171,0.904,9040,10000
16,32,ivf_pq,True,8,384,True,24,24,True,multi_gpu,float16,24,128,0,auto,0,1,0,0,auto,0,0.5,1,1213332,128,20.29273861799811,0.005942341500485782,168283.83220961818,0.005942341500485782,0.5131409980094759,0.6652409974776674,0.8077,8077,10000
16,32,ivf_pq,True,8,384,True,24,24,True,multi_gpu,float16,24,128,0,auto,0,2,0,0,auto,0,0.5,1,1213332,128,20.29273861799811,0.006957023000722984,143739.64264543593,0.006957023000722984,0.5904659992665984,0.6752910012437496,0.9072,9072,10000
16,32,ivf_pq,True,8,384,True,32,32,True,multi_gpu,float16,32,64,0,auto,0,1,0,0,auto,0,0.5,1,1213332,64,19.30351698300001,0.010045878998425906,99543.30528535039,0.010045878998425906,0.4658309990190901,0.6056710008124355,0.8132,8132,10000
16,32,ivf_pq,True,8,384,True,32,32,True,multi_gpu,float16,32,64,0,auto,0,2,0,0,auto,0,0.5,1,1213332,64,19.30351698300001,0.009661143001721939,103507.42141191436,0.009661143001721939,0.4524060004769126,0.7420719994115643,0.9136,9136,10000
16,32,ivf_pq,True,8,384,True,32,32,True,multi_gpu,float16,32,128,0,auto,0,1,0,0,auto,0,0.5,1,1213332,128,19.30351698300001,0.005685700998583343,175879.80800417773,0.005685700998583343,0.5306560015014838,0.7787810027366504,0.8162,8162,10000
16,32,ivf_pq,True,8,384,True,32,32,True,multi_gpu,float16,32,128,0,auto,0,2,0,0,auto,0,0.5,1,1213332,128,19.30351698300001,0.007206819000202813,138757.47399398516,0.007206819000202813,0.6801910003559897,1.5152729974943213,0.9106,9106,10000
16,32,ivf_pq,True,8,384,True,48,48,True,multi_gpu,float16,48,64,0,auto,0,1,0,0,auto,0,0.5,1,1213332,64,19.40902401600033,0.009967714000595151,100323.90575615353,0.009967714000595151,0.5562415008171229,0.6846010001027025,0.9048,9048,10000
16,32,ivf_pq,True,8,384,True,48,48,True,multi_gpu,float16,48,64,0,auto,0,2,0,0,auto,0,0.5,1,1213332,64,19.40902401600033,0.00970154349852237,103076.38162446098,0.00970154349852237,0.5689809986506589,0.6352119999064598,0.9045,9045,10000
16,32,ivf_pq,True,8,384,True,48,48,True,multi_gpu,float16,48,128,0,auto,0,1,0,0,auto,0,0.5,1,1213332,128,19.40902401600033,0.006922853001015028,144449.1165496913,0.006922853001015028,0.6102009992901003,0.6143009995867033,0.9065,9065,10000
16,32,ivf_pq,True,8,384,True,48,48,True,multi_gpu,float16,48,128,0,auto,0,2,0,0,auto,0,0.5,1,1213332,128,19.40902401600033,0.006923318498593289,144439.40434102295,0.006923318498593289,0.6205909994605463,0.7764019974274561,0.9068,9068,10000
24,48,ivf_pq,True,8,384,True,16,16,True,multi_gpu,float16,16,64,0,auto,0,1,0,0,auto,0,0.5,1,1213332,64,19.428219822002575,0.00976216849994671,102436.25686295608,0.00976216849994671,0.47221099885064177,0.5262410013529006,0.8726,8726,10000
24,48,ivf_pq,True,8,384,True,16,16,True,multi_gpu,float16,16,64,0,auto,0,2,0,0,auto,0,0.5,1,1213332,64,19.428219822002575,0.009785223999642767,102194.90121396376,0.009785223999642767,0.457591002486879,0.46901099995011464,0.9242,9242,10000
24,48,ivf_pq,True,8,384,True,16,16,True,multi_gpu,float16,16,128,0,auto,0,1,0,0,auto,0,0.5,1,1213332,128,19.428219822002575,0.006737437999618123,148424.37140893613,0.006737437999618123,0.47224100126186386,0.4810310019820463,0.8664,8664,10000
24,48,ivf_pq,True,8,384,True,16,16,True,multi_gpu,float16,16,128,0,auto,0,2,0,0,auto,0,0.5,1,1213332,128,19.428219822002575,0.0076991400001134025,129884.63646397789,0.0076991400001134025,0.6278814998950111,1.1918220006919,0.9268,9268,10000
24,48,ivf_pq,True,8,384,True,24,24,True,multi_gpu,float16,24,64,0,auto,0,1,0,0,auto,0,0.5,1,1213332,64,19.614891082001122,0.010944880999886664,91366.91390343625,0.010944880999886664,0.47703100062790327,0.4888010007562116,0.8808,8808,10000
24,48,ivf_pq,True,8,384,True,24,24,True,multi_gpu,float16,24,64,0,auto,0,2,0,0,auto,0,0.5,1,1213332,64,19.614891082001122,0.011060890999942785,90408.62982965593,0.011060890999942785,0.4812360002688365,0.5068310019851197,0.9376,9376,10000
24,48,ivf_pq,True,8,384,True,24,24,True,multi_gpu,float16,24,128,0,auto,0,1,0,0,auto,0,0.5,1,1213332,128,19.614891082001122,0.006830338499639765,146405.62836713588,0.006830338499639765,0.5556365013035247,0.6419220007956028,0.8794,8794,10000
24,48,ivf_pq,True,8,384,True,24,24,True,multi_gpu,float16,24,128,0,auto,0,2,0,0,auto,0,0.5,1,1213332,128,19.614891082001122,0.007568629502202384,132124.3165237526,0.007568629502202384,0.5846610001754016,0.8684919994266238,0.9413,9413,10000
24,48,ivf_pq,True,8,384,True,32,32,True,multi_gpu,float16,32,64,0,auto,0,1,0,0,auto,0,0.5,1,1213332,64,19.52006086899928,0.010732450999057619,93175.36134922085,0.010732450999057619,0.5275710009300383,0.665171002765419,0.8778,8778,10000
24,48,ivf_pq,True,8,384,True,32,32,True,multi_gpu,float16,32,64,0,auto,0,2,0,0,auto,0,0.5,1,1213332,64,19.52006086899928,0.011187606500243419,89384.62395671873,0.011187606500243419,0.520625999342883,0.6136310003057588,0.9423,9423,10000
24,48,ivf_pq,True,8,384,True,32,32,True,multi_gpu,float16,32,128,0,auto,0,1,0,0,auto,0,0.5,1,1213332,128,19.52006086899928,0.006820318500103895,146620.71866361768,0.006820318500103895,0.564876499993261,0.793981998867821,0.8819,8819,10000
24,48,ivf_pq,True,8,384,True,32,32,True,multi_gpu,float16,32,128,0,auto,0,2,0,0,auto,0,0.5,1,1213332,128,19.52006086899928,0.007612625000547268,131360.73298344662,0.007612625000547268,0.6074209995858837,0.8104609987640288,0.9415,9415,10000
24,48,ivf_pq,True,8,384,True,48,48,True,multi_gpu,float16,48,64,0,auto,0,1,0,0,auto,0,0.5,1,1213332,64,20.58939177400316,0.010910276499998872,91656.70549230382,0.010910276499998872,0.5991210000502178,0.6526209981529973,0.9423,9423,10000
24,48,ivf_pq,True,8,384,True,48,48,True,multi_gpu,float16,48,64,0,auto,0,2,0,0,auto,0,0.5,1,1213332,64,20.58939177400316,0.01153746250020049,86674.17120381736,0.01153746250020049,0.6561115005752072,0.7249809968925547,0.942,9420,10000
24,48,ivf_pq,True,8,384,True,48,48,True,multi_gpu,float16,48,128,0,auto,0,1,0,0,auto,0,0.5,1,1213332,128,20.58939177400316,0.007955960501931258,125691.92616746355,0.007955960501931258,0.6941060000826837,0.9565019972797018,0.943,9430,10000
24,48,ivf_pq,True,8,384,True,48,48,True,multi_gpu,float16,48,128,0,auto,0,2,0,0,auto,0,0.5,1,1213332,128,20.58939177400316,0.00780712050072907,128088.19844738078,0.00780712050072907,0.6481265008915216,1.2258030001248699,0.9435,9435,10000
32,64,ivf_pq,True,8,384,True,16,16,True,multi_gpu,float16,16,64,0,auto,0,1,0,0,auto,0,0.5,1,1213332,64,20.479474128998845,0.008996522501547588,111154.05978565376,0.008996522501547588,0.45440550093189813,0.48019099995144643,0.8999,8999,10000
32,64,ivf_pq,True,8,384,True,16,16,True,multi_gpu,float16,16,64,0,auto,0,2,0,0,auto,0,0.5,1,1213332,64,20.479474128998845,0.010433520999868051,95844.92138489458,0.010433520999868051,0.4743409990624059,0.524590999702923,0.9411,9411,10000
32,64,ivf_pq,True,8,384,True,16,16,True,multi_gpu,float16,16,128,0,auto,0,1,0,0,auto,0,0.5,1,1213332,128,20.479474128998845,0.007082803998855525,141187.02143410788,0.007082803998855525,0.4835759991692612,0.649501002044417,0.9015,9015,10000
32,64,ivf_pq,True,8,384,True,16,16,True,multi_gpu,float16,16,128,0,auto,0,2,0,0,auto,0,0.5,1,1213332,128,20.479474128998845,0.008386091498323367,119245.06192186553,0.008386091498323367,0.6179065003379947,0.9095620007428806,0.9421,9421,10000
32,64,ivf_pq,True,8,384,True,24,24,True,multi_gpu,float16,24,64,0,auto,0,1,0,0,auto,0,0.5,1,1213332,64,20.049332260001393,0.01059241149960144,94407.20840930575,0.01059241149960144,0.4558909986371873,0.4772909996972885,0.9152,9152,10000
32,64,ivf_pq,True,8,384,True,24,24,True,multi_gpu,float16,24,64,0,auto,0,2,0,0,auto,0,0.5,1,1213332,64,20.049332260001393,0.011489193000670639,87038.31504454915,0.011489193000670639,0.4795360000571236,0.49363099969923496,0.9616,9616,10000
32,64,ivf_pq,True,8,384,True,24,24,True,multi_gpu,float16,24,128,0,auto,0,1,0,0,auto,0,0.5,1,1213332,128,20.049332260001393,0.007160434000979876,139656.33924747494,0.007160434000979876,0.5451010001706891,0.5744409972976428,0.921,9210,10000
32,64,ivf_pq,True,8,384,True,24,24,True,multi_gpu,float16,24,128,0,auto,0,2,0,0,auto,0,0.5,1,1213332,128,20.049332260001393,0.008538011998098227,117123.28352580692,0.008538011998098227,0.6066570003895322,0.8734219991310965,0.9577,9577,10000
32,64,ivf_pq,True,8,384,True,32,32,True,multi_gpu,float16,32,64,0,auto,0,1,0,0,auto,0,0.5,1,1213332,64,20.18442333799976,0.011474442999315215,87150.19980139159,0.011474442999315215,0.4773954988195328,0.510330999532016,0.9096,9096,10000
32,64,ivf_pq,True,8,384,True,32,32,True,multi_gpu,float16,32,64,0,auto,0,2,0,0,auto,0,0.5,1,1213332,64,20.18442333799976,0.013113846000123885,76255.28010551239,0.013113846000123885,0.5117309992783703,0.5550209971261211,0.9596,9596,10000
32,64,ivf_pq,True,8,384,True,32,32,True,multi_gpu,float16,32,128,0,auto,0,1,0,0,auto,0,0.5,1,1213332,128,20.18442333799976,0.008229586499510333,121512.78804342124,0.008229586499510333,0.5800210001325468,0.6088709997129627,0.9152,9152,10000
32,64,ivf_pq,True,8,384,True,32,32,True,multi_gpu,float16,32,128,0,auto,0,2,0,0,auto,0,0.5,1,1213332,128,20.18442333799976,0.00936081399777322,106828.31645174052,0.00936081399777322,0.6584310012840433,0.7247020002978388,0.9581,9581,10000
32,64,ivf_pq,True,8,384,True,48,48,True,multi_gpu,float16,48,64,0,auto,0,1,0,0,auto,0,0.5,1,1213332,64,20.21541155700106,0.011485348501082626,87067.44944707063,0.011485348501082626,0.6214509994606487,0.6635610006924253,0.9607,9607,10000
32,64,ivf_pq,True,8,384,True,48,48,True,multi_gpu,float16,48,64,0,auto,0,2,0,0,auto,0,0.5,1,1213332,64,20.21541155700106,0.011374727999282186,87914.1901294788,0.011374727999282186,0.6389259997376939,0.8550719976483379,0.9607,9607,10000
32,64,ivf_pq,True,8,384,True,48,48,True,multi_gpu,float16,48,128,0,auto,0,1,0,0,auto,0,0.5,1,1213332,128,20.21541155700106,0.008699988000444137,114942.68727140196,0.008699988000444137,0.7246815002872609,1.2564429998747073,0.9592,9592,10000
32,64,ivf_pq,True,8,384,True,48,48,True,multi_gpu,float16,48,128,0,auto,0,2,0,0,auto,0,0.5,1,1213332,128,20.21541155700106,0.008737418000237085,114450.28725567045,0.008737418000237085,0.7041759999992792,0.8029320015339181,0.9592,9592,10000
32,64,ivf_pq,True,8,384,True,48,48,True,multi_gpu,float16,48,256,0,auto,0,1,0,0,auto,0,0.5,1,1213332,256,20.21541155700106,0.006319787500615348,158233.1684257788,0.006319787500615348,0.6043309986125678,0.716310998541303,0.9471,9471,10000
16,32,ivf_pq,True,8,384,True,32,32,True,multi_gpu,float16,32,256,0,auto,0,1,0,0,auto,0,0.5,1,1213332,256,19.101432690000365,0.0037174419994698837,269002.1794940183,0.0037174419994698837,0.3317259979667142,0.6785709992982447,0.8267,8267,10000
