n_lists,pq_bits,pq_dim,n_probes,build_time,search_time,queries_per_second,latency_per_query,online_median_latency_ms,online_p95_latency_ms,recall_at_10,total_correct,total_possible
1024,4,384,32,11.149058206006885,0.14169545550248586,7057.389359833466,0.14169545550248586,0.39814598858356476,0.42686102096922696,0.9523,9523,10000
1024,4,384,64,11.149058206006885,0.15210204049071763,6574.533758875032,0.15210204049071763,0.38889098505023867,0.4224010044708848,0.9656,9656,10000
1024,4,384,128,11.149058206006885,0.17166555549192708,5825.280424686169,0.17166555549192708,0.45868600136600435,0.5084410076960921,0.9697,9697,10000
1024,4,768,32,11.873290382005507,0.1528729675046634,6541.378873733807,0.1528729675046634,0.43903099140152335,0.4764309851452708,0.9725,9725,10000
1024,4,768,64,11.873290382005507,0.17283842399774585,5785.750511200229,0.17283842399774585,0.49689150182530284,0.5445209972094744,0.9883,9883,10000
1024,4,768,128,11.873290382005507,0.20983675050956663,4765.609444349498,0.20983675050956663,0.5563660088228062,0.5970910133328289,0.9951,9951,10000
1024,4,1536,32,13.081958068010863,0.17871637800999451,5595.458072365791,0.17871637800999451,0.5419864901341498,0.6043109751772135,0.972,9720,10000
1024,4,1536,64,13.081958068010863,0.22030193550745025,4539.224758495967,0.22030193550745025,0.585255998885259,0.6286310090217739,0.987,9870,10000
1024,4,1536,128,13.081958068010863,0.3059863915113965,3268.1191966105944,0.3059863915113965,0.7225019944598898,0.7747219933662564,0.9938,9938,10000
1024,6,384,32,11.819318805006333,0.15106831400771625,6619.521814143779,0.15106831400771625,0.40547101525589824,0.43670099694281816,0.9713,9713,10000
1024,6,384,64,11.819318805006333,0.16648756549693644,6006.4545782453715,0.16648756549693644,0.4405060026329011,0.4640110128093511,0.9875,9875,10000
1024,6,384,128,11.819318805006333,0.2009647759841755,4975.996390923466,0.2009647759841755,0.5127115000505,0.5315009912010282,0.9942,9942,10000
1024,6,768,32,13.599857955996413,0.17904896500112955,5585.064398410186,0.17904896500112955,0.7084770040819421,0.9786320151761174,0.9746,9746,10000
1024,6,768,64,13.599857955996413,0.22911988300620578,4364.527368290052,0.22911988300620578,0.7993320177774876,1.0518630151636899,0.9887,9887,10000
1024,6,768,128,13.599857955996413,0.30994969300809316,3226.330022446219,0.30994969300809316,0.8606670162407681,0.8714519790373743,0.9956,9956,10000
1024,6,1536,32,14.28246195599786,0.22464501300419215,4451.467613845221,0.22464501300419215,0.8769270207267255,0.9039019932970405,0.9716,9716,10000
1024,6,1536,64,14.28246195599786,0.3089417860028334,3236.8557615279296,0.3089417860028334,0.9832625073613599,1.1864030093420297,0.9877,9877,10000
1024,6,1536,128,14.28246195599786,0.4820123530080309,2074.6356265756094,0.4820123530080309,1.2821780110243708,1.3787329953629524,0.9946,9946,10000
1024,8,384,32,14.505054513982031,0.1720450595166767,5812.430783012795,0.1720450595166767,0.600626488449052,0.6424719758797437,0.9732,9732,10000
1024,8,384,64,14.505054513982031,0.2092515125114005,4778.937977547559,0.2092515125114005,0.7136865024222061,0.7323719910345972,0.988,9880,10000
1024,8,384,128,14.505054513982031,0.2829974259948358,3533.6010441955336,0.2829974259948358,0.8145570027409121,0.8412919996771961,0.9941,9941,10000
1024,8,768,32,18.79915902999346,0.2275406970147742,4394.818215464419,0.2275406970147742,0.9043419995578006,0.9423820010852069,0.9718,9718,10000
1024,8,768,64,18.79915902999346,0.32206515899451915,3104.9617509760433,0.32206515899451915,1.0114725009771064,1.0679920087568462,0.9887,9887,10000
1024,8,768,128,18.79915902999346,0.5147811144997831,1942.5732060347782,0.5147811144997831,1.3030879927100614,1.3295730168465525,0.9956,9956,10000
1024,8,1536,32,22.83292361200438,0.35142769999220036,2845.535511350398,0.35142769999220036,1.1537379905348644,1.1730229889508337,0.9751,9751,10000
1024,8,1536,64,22.83292361200438,0.5582471789966803,1791.3211882185733,0.5582471789966803,1.3685079902643338,1.4216729905456305,0.9889,9889,10000
1024,8,1536,128,22.83292361200438,0.9846221429907018,1015.6180288233102,0.9846221429907018,2.2887750092195347,2.3947559820953757,0.995,9950,10000
2048,4,384,32,14.669575578998774,0.1405894124909537,7112.911152284284,0.1405894124909537,0.3687805001391098,0.3909510269295424,0.945,9450,10000
2048,4,384,64,14.669575578998774,0.14751552398956846,6778.947550433504,0.14751552398956846,0.39488100446760654,0.49466098425909877,0.9588,9588,10000
2048,4,384,128,14.669575578998774,0.15945698799623642,6271.283639344815,0.15945698799623642,0.408291001804173,0.47200097469612956,0.9661,9661,10000
2048,4,768,32,15.578942455002107,0.14802205050364137,6755.750218278457,0.14802205050364137,0.4146904975641519,0.4448120016604662,0.9618,9618,10000
2048,4,768,64,15.578942455002107,0.15967456299404148,6262.738292493818,0.15967456299404148,0.4339010047260672,0.4858019819948822,0.9818,9818,10000
2048,4,768,128,15.578942455002107,0.18283868800790515,5469.301989066802,0.18283868800790515,0.49611099530011415,0.5144810129422694,0.9913,9913,10000
2048,4,1536,32,15.494024690007791,0.16346496500773355,6117.518820945454,0.16346496500773355,0.4494194872677326,0.4921249928884208,0.9624,9624,10000
2048,4,1536,64,15.494024690007791,0.18953512198640965,5276.066987055326,0.18953512198640965,0.5359650094760582,0.5708259996026754,0.9808,9808,10000
2048,4,1536,128,15.494024690007791,0.24133055499987677,4143.694112834202,0.24133055499987677,0.5674455023836344,0.5941360141150653,0.9902,9902,10000
2048,6,384,32,14.269336794997798,0.1494623014878016,6690.650351597959,0.1494623014878016,0.37772400537505746,0.4088240093551576,0.9626,9626,10000
2048,6,384,64,14.269336794997798,0.15986437849642243,6255.302209318499,0.15986437849642243,0.3956934961024672,0.4696240066550672,0.9816,9816,10000
2048,6,384,128,14.269336794997798,0.18474290150334127,5412.927868202362,0.18474290150334127,0.4384840140119195,0.47583499690517783,0.9916,9916,10000
2048,6,768,32,16.46485097700497,0.16388279701641295,6101.921728244908,0.16388279701641295,0.5855904892086983,0.6249059806577861,0.96,9600,10000
2048,6,768,64,16.46485097700497,0.1959606369928224,5103.065673524156,0.1959606369928224,0.6527560035465285,0.716626993380487,0.9818,9818,10000
2048,6,768,128,16.46485097700497,0.25684356249985285,3893.420532977434,0.25684356249985285,0.7310969958780333,0.7618670060764998,0.9923,9923,10000
2048,6,1536,32,16.76932955501252,0.1888441254850477,5295.372558884168,0.1888441254850477,0.7398665038635954,0.8521070121787488,0.9601,9601,10000
2048,6,1536,64,16.76932955501252,0.24852196149004158,4023.7892619404206,0.24852196149004158,0.9142935159616172,0.9982490155380219,0.9801,9801,10000
2048,6,1536,128,16.76932955501252,0.33861444451031275,2953.211288567887,0.33861444451031275,0.9869339992292225,1.002918987069279,0.9897,9897,10000
2048,8,384,32,17.025129745015875,0.16457194549730048,6076.369802752337,0.16457194549730048,0.5681749898940325,0.6145449879113585,0.9592,9592,10000
2048,8,384,64,17.025129745015875,0.19151218100159895,5221.5999774533975,0.19151218100159895,0.6851109937997535,0.9063879842869937,0.9805,9805,10000
2048,8,384,128,17.025129745015875,0.25069372449070215,3988.93112315258,0.25069372449070215,0.7229215116240084,0.7484769739676267,0.9913,9913,10000
2048,8,768,32,22.462396680028178,0.20822147499711718,4802.578600568673,0.20822147499711718,0.7592515030410141,0.8370870200451463,0.9627,9627,10000
2048,8,768,64,22.462396680028178,0.2743170124886092,3645.4173619345765,0.2743170124886092,0.9046124905580655,0.9436180116608739,0.9819,9819,10000
2048,8,768,128,22.462396680028178,0.41370929300319403,2417.1562421061676,0.41370929300319403,1.156529993750155,1.2447600020095706,0.9912,9912,10000
2048,8,1536,32,24.89377946301829,0.2961502819962334,3376.6640141599414,0.2961502819962334,0.9611374989617616,0.9699779911898077,0.9599,9599,10000
2048,8,1536,64,24.89377946301829,0.4538769305072492,2203.240422205218,0.4538769305072492,1.1434945045039058,1.1660490126814693,0.9802,9802,10000
2048,8,1536,128,24.89377946301829,0.7492281600134447,1334.706906881417,0.7492281600134447,1.5282219974324107,1.971735997358337,0.9914,9914,10000
4096,4,384,32,20.66878184999223,0.13594086401280947,7356.139798447741,0.13594086401280947,0.3406970063224435,0.40522299241274595,0.9341,9341,10000
4096,4,384,64,20.66878184999223,0.14148776199726854,7067.749082208999,0.14148776199726854,0.3680025110952556,0.4254340019542724,0.955,9550,10000
4096,4,384,128,20.66878184999223,0.14750878149061464,6779.2574102690005,0.14750878149061464,0.4338935104897246,0.4765639896504581,0.9643,9643,10000
4096,4,768,32,21.302033740998013,0.14393994149577338,6947.341992836393,0.14393994149577338,0.38705801125615835,0.402873003622517,0.9505,9505,10000
4096,4,768,64,21.302033740998013,0.15088342598755844,6627.63317743367,0.15088342598755844,0.41029800195246935,0.4277830012142658,0.9751,9751,10000
4096,4,768,128,21.302033740998013,0.16691977799928281,5990.901809157071,0.16691977799928281,0.4513690073508769,0.4965739790350199,0.987,9870,10000
4096,4,1536,32,22.572792514023604,0.15537743949971627,6435.940785353372,0.15537743949971627,0.4443435027496889,0.48506399616599083,0.9506,9506,10000
4096,4,1536,64,22.572792514023604,0.1717189685004996,5823.468477200237,0.1717189685004996,0.44770349632017314,0.49450399819761515,0.9738,9738,10000
4096,4,1536,128,22.572792514023604,0.20658747549168766,4840.564499953127,0.20658747549168766,0.5207390058785677,0.5464940040837973,0.9863,9863,10000
4096,6,384,32,21.295835283002816,0.14283410149801057,7001.1292087270085,0.14283410149801057,0.3962379996664822,0.4121430101804435,0.9501,9501,10000
4096,6,384,64,21.295835283002816,0.1527674420067342,6545.897390596608,0.1527674420067342,0.39117300184443593,0.4176829825155437,0.973,9730,10000
4096,6,384,128,21.295835283002816,0.17283601450617425,5785.83116983571,0.17283601450617425,0.5730745033361018,0.859366002259776,0.986,9860,10000
4096,6,768,32,22.62098705099197,0.15598240550025366,6410.979474209826,0.15598240550025366,0.5897039955016226,0.6218749913387001,0.9481,9481,10000
4096,6,768,64,22.62098705099197,0.1787707195035182,5593.7572035129615,0.1787707195035182,0.6290589954005554,0.6384139996953309,0.9713,9713,10000
4096,6,768,128,22.62098705099197,0.2270225584943546,4404.848604615066,0.2270225584943546,0.7090100116329268,1.0124369873665273,0.9865,9865,10000
4096,6,1536,32,23.7861025169841,0.16908765750122257,5914.092221620432,0.16908765750122257,0.66364899976179,0.7735849940218031,0.9486,9486,10000
4096,6,1536,64,23.7861025169841,0.20916702049726155,4780.868406609503,0.20916702049726155,0.7402149931294844,0.7636249938514084,0.9734,9734,10000
4096,6,1536,128,23.7861025169841,0.28097766351129394,3559.001763710676,0.28097766351129394,0.8231004903791472,0.8546659955754876,0.9862,9862,10000
4096,8,384,32,23.888164809992304,0.15479359999881126,6460.215409472223,0.15479359999881126,0.5676040018443018,0.6214549939613789,0.9507,9507,10000
4096,8,384,64,23.888164809992304,0.17915857449406758,5581.647447374129,0.17915857449406758,0.6115890137152746,0.6455139955505729,0.9739,9739,10000
4096,8,384,128,23.888164809992304,0.22734842001227662,4398.535076452262,0.22734842001227662,0.6850589998066425,0.7067639962770045,0.9873,9873,10000
4096,8,768,32,27.187560691003455,0.19123211348778568,5229.247231343661,0.19123211348778568,0.6728589942213148,0.6914549740031362,0.948,9480,10000
4096,8,768,64,27.187560691003455,0.2509016780095408,3985.6249983388875,0.2509016780095408,0.8280200127046555,0.8693659910932183,0.9731,9731,10000
4096,8,768,128,27.187560691003455,0.36921835149405524,2708.424421357888,0.36921835149405524,1.0547364800004289,1.0672470089048147,0.9845,9845,10000
4096,8,1536,32,32.284936822979944,0.27671162999467924,3613.8705121256685,0.27671162999467924,0.8961104904301465,0.9389060141984373,0.9491,9491,10000
4096,8,1536,64,32.284936822979944,0.4161193284962792,2403.1568146898558,0.4161193284962792,1.0234665096504614,1.0345870105084032,0.973,9730,10000
4096,8,1536,128,32.284936822979944,0.6922313125105575,1444.6038223455091,0.6922313125105575,1.3946029939688742,1.4042090042494237,0.9858,9858,10000
